{
	"id": "8ec46b6c-7a3b-dd72-75a7-3c8f8c440d23",
	"name": "skcoin",
	"description": "",
	"order": [
		"187b1441-75a5-b32c-1590-436e9ec456da",
		"ae17db4e-b823-f58d-5dbd-4a747d599101",
		"17c5876e-f0ef-4731-e339-36e111b58313",
		"e62f0e67-750c-b02d-641e-3f51efd2cdcf",
		"73aefe6a-3d90-aceb-698e-b52c8fb0d3a2",
		"ba578775-3db6-b8a0-3456-40e8a46ac335",
		"1d209057-92c1-82cd-4838-ed8e1dea2696",
		"ecca0465-b069-33c9-ffc9-4e0aeef14095"
	],
	"folders": [],
	"folders_order": [],
	"timestamp": 1530846148397,
	"owner": 0,
	"public": false,
	"requests": [
		{
			"id": "17c5876e-f0ef-4731-e339-36e111b58313",
			"headers": "Content-Type: application/json\n",
			"headerData": [
				{
					"key": "Content-Type",
					"value": "application/json",
					"description": "",
					"enabled": true
				}
			],
			"url": "http://localhost:8088/web/standard.jmd",
			"queryParams": [],
			"pathVariables": {},
			"pathVariableData": [],
			"preRequestScript": null,
			"method": "POST",
			"collectionId": "8ec46b6c-7a3b-dd72-75a7-3c8f8c440d23",
			"data": [],
			"dataMode": "raw",
			"name": "블록체인 토큰 조회 LAB",
			"description": "",
			"descriptionFormat": "html",
			"time": 1530889545070,
			"version": 2,
			"responses": [],
			"tests": null,
			"currentHelper": "normal",
			"helperAttributes": {},
			"rawModeData": "{\r\n  \"context\": {\r\n    \"txId\": \"com.skcc.bcsvc.bc@PCOIN.pGetBCLABAuthToken\"\r\n  },\r\n  \"body\": {\r\n    \r\n    \"UI_MENU_URL\": \"/web/standard.jmd\"\r\n    \r\n  }\r\n}"
		},
		{
			"id": "187b1441-75a5-b32c-1590-436e9ec456da",
			"headers": "Content-Type: application/json\n",
			"headerData": [
				{
					"key": "Content-Type",
					"value": "application/json",
					"description": "",
					"enabled": true
				}
			],
			"url": "http://localhost:8088/web/standard.jmd",
			"queryParams": [],
			"pathVariables": {},
			"pathVariableData": [],
			"preRequestScript": null,
			"method": "POST",
			"collectionId": "8ec46b6c-7a3b-dd72-75a7-3c8f8c440d23",
			"data": [],
			"dataMode": "raw",
			"name": "블록체인 코인 목록 조회",
			"description": "",
			"descriptionFormat": "html",
			"time": 1530847657182,
			"version": 2,
			"responses": [],
			"tests": null,
			"currentHelper": "normal",
			"helperAttributes": {},
			"rawModeData": "{\r\n  \"context\": {\r\n    \"txId\": \"com.skcc.bcsvc.bc@PCOIN.pGetCoinList\"\r\n  },\r\n  \"body\": {\r\n    \r\n    \"UI_MENU_URL\": \"/web/standard.jmd\"\r\n    \r\n  }\r\n}"
		},
		{
			"id": "1d209057-92c1-82cd-4838-ed8e1dea2696",
			"headers": "Content-Type: application/json\n",
			"headerData": [
				{
					"key": "Content-Type",
					"value": "application/json",
					"description": "",
					"enabled": true
				}
			],
			"url": "http://localhost:8088/web/standard.jmd",
			"queryParams": [],
			"preRequestScript": null,
			"pathVariables": {},
			"pathVariableData": [],
			"method": "POST",
			"data": [],
			"dataMode": "raw",
			"version": 2,
			"tests": null,
			"currentHelper": "normal",
			"helperAttributes": {},
			"time": 1531030008140,
			"name": "블록체인 코인 정보 조회",
			"description": "",
			"collectionId": "8ec46b6c-7a3b-dd72-75a7-3c8f8c440d23",
			"responses": [],
			"rawModeData": "{\r\n  \"context\": {\r\n    \"txId\": \"com.skcc.bcsvc.bc@PCOIN.pGetCoinList\"\r\n  },\r\n  \"body\": {\r\n    \r\n    \"UI_MENU_URL\": \"/web/standard.jmd\"\r\n    \r\n  }\r\n}"
		},
		{
			"id": "73aefe6a-3d90-aceb-698e-b52c8fb0d3a2",
			"headers": "Content-Type: application/json\n",
			"headerData": [
				{
					"key": "Content-Type",
					"value": "application/json",
					"description": "",
					"enabled": true
				}
			],
			"url": "http://localhost:8088/web/standard.jmd",
			"queryParams": [],
			"preRequestScript": null,
			"pathVariables": {},
			"pathVariableData": [],
			"method": "POST",
			"data": [],
			"dataMode": "raw",
			"tests": null,
			"currentHelper": "normal",
			"helperAttributes": {},
			"time": 1531016670674,
			"name": "코인 구매 토큰 생성 조회 TG",
			"description": "",
			"collectionId": "8ec46b6c-7a3b-dd72-75a7-3c8f8c440d23",
			"responses": [],
			"rawModeData": "{\r\n  \"context\": {\r\n    \"txId\": \"com.skcc.bcsvc.bc@PCOIN.pGetCoinTranToken\"\r\n  },\r\n  \"body\": {\r\n    \r\n    \"UI_MENU_URL\": \"/web/standard.jmd\",\r\n    \"USER_ID\":\"test01\",\r\n    \"COIN_TRAN_AMT\":\"50000\",\r\n    \"COIN_NO\": \"1\",\r\n    \"PROD_NO\": \"12345678\",\r\n    \"GIFT_SN\": \"12345678\",\r\n    \"COIN_TRAN_ORG_NO\": \"\"\r\n  }\r\n}"
		},
		{
			"id": "ae17db4e-b823-f58d-5dbd-4a747d599101",
			"headers": "Content-Type: application/json\n",
			"headerData": [
				{
					"key": "Content-Type",
					"value": "application/json",
					"description": "",
					"enabled": true
				}
			],
			"url": "http://localhost:8088/web/standard.jmd",
			"queryParams": [],
			"pathVariables": {},
			"pathVariableData": [],
			"preRequestScript": null,
			"method": "POST",
			"collectionId": "8ec46b6c-7a3b-dd72-75a7-3c8f8c440d23",
			"data": [],
			"dataMode": "raw",
			"name": "블록체인 토큰 조회 TG",
			"description": "",
			"descriptionFormat": "html",
			"time": 1530888008873,
			"version": 2,
			"responses": [],
			"tests": null,
			"currentHelper": "normal",
			"helperAttributes": {},
			"rawModeData": "{\r\n  \"context\": {\r\n    \"txId\": \"com.skcc.bcsvc.bc@PCOIN.pGetBCTGAuthToken\"\r\n  },\r\n  \"body\": {\r\n    \r\n    \"UI_MENU_URL\": \"/web/standard.jmd\"\r\n    \r\n  }\r\n}"
		},
		{
			"id": "ba578775-3db6-b8a0-3456-40e8a46ac335",
			"headers": "Content-Type: application/json\n",
			"headerData": [
				{
					"key": "Content-Type",
					"value": "application/json",
					"description": "",
					"enabled": true
				}
			],
			"url": "http://localhost:8088/web/standard.jmd",
			"queryParams": [],
			"preRequestScript": null,
			"pathVariables": {},
			"pathVariableData": [],
			"method": "POST",
			"data": [],
			"dataMode": "raw",
			"version": 2,
			"tests": null,
			"currentHelper": "normal",
			"helperAttributes": {},
			"time": 1531028938206,
			"name": "블록체인 페이 결과 승인 요청",
			"description": "",
			"collectionId": "8ec46b6c-7a3b-dd72-75a7-3c8f8c440d23",
			"responses": [],
			"rawModeData": "{\r\n  \"context\": {\r\n    \"txId\": \"com.skcc.bcsvc.bc@PCOINPG.pRequestPayApproval\"\r\n  },\r\n  \"body\": {\r\n    \r\n    \"UI_MENU_URL\": \"/web/standard.jmd\",\r\n    \"USER_ID\":\"test01\",\r\n    \"COIN_TRAN_NO\":\"2018070500000031\",\r\n    \"COIN_PAY_AMT\":\"50000\", \r\n    \"TOKEN\":\"sdsdsdsdsTOKEN\",\r\n    \"TRAN_AUTH_VALUE\":\"dsdddAUYH_VALUE\",\r\n    \"MCT_TRANS_AUTH_ID\":\"reerer_COIN_TRANS_AUTH_ID\", \r\n    \"OC_TRANS_AUTH_ID\":\"ererererCOC_TRANS_AUTH_ID\", \r\n    \"SSO_UPDATE_REQUIRED\":\"N\", \r\n    \"MCT_DEFINED_VALUE\":\"TESTMCT_DEFINED_VALUE\"  \r\n    \r\n  }\r\n}"
		},
		{
			"id": "e62f0e67-750c-b02d-641e-3f51efd2cdcf",
			"headers": "Content-Type: application/json\n",
			"headerData": [
				{
					"key": "Content-Type",
					"value": "application/json",
					"description": "",
					"enabled": true
				}
			],
			"url": "http://localhost:8088/web/standard.jmd",
			"queryParams": [],
			"preRequestScript": null,
			"pathVariables": {},
			"pathVariableData": [],
			"method": "POST",
			"data": [],
			"dataMode": "raw",
			"version": 2,
			"tests": null,
			"currentHelper": "normal",
			"helperAttributes": {},
			"time": 1530955576040,
			"name": "블록체인 메인 조회",
			"description": "",
			"collectionId": "8ec46b6c-7a3b-dd72-75a7-3c8f8c440d23",
			"responses": [],
			"rawModeData": "{\r\n  \"context\": {\r\n    \"txId\": \"com.skcc.bcsvc.bc@PMAIN.pGetMainData\"\r\n  },\r\n  \"body\": {\r\n    \r\n    \"UI_MENU_URL\": \"/web/standard.jmd\",\r\n    \"USER_ID\":\"wnsgh901\",\r\n    \"ALL\": \"N\",\r\n    \"ORDER\": \"1\"\r\n    \r\n  }\r\n}"
		},
		{
			"id": "ecca0465-b069-33c9-ffc9-4e0aeef14095",
			"headers": "Content-Type: application/json\n",
			"headerData": [
				{
					"key": "Content-Type",
					"value": "application/json",
					"description": "",
					"enabled": true
				}
			],
			"url": "https://skcoin.skcc.com/tg-info/api/currencies",
			"queryParams": [],
			"pathVariables": {},
			"pathVariableData": [],
			"preRequestScript": null,
			"method": "GET",
			"collectionId": "8ec46b6c-7a3b-dd72-75a7-3c8f8c440d23",
			"data": [],
			"dataMode": "raw",
			"name": "TG 토큰과 WALLET 주소 조회",
			"description": "",
			"descriptionFormat": "html",
			"time": 1531031507444,
			"version": 2,
			"responses": [],
			"tests": null,
			"currentHelper": "normal",
			"helperAttributes": {},
			"rawModeData": "{\r\n  \"context\": {\r\n    \"txId\": \"com.skcc.bcsvc.bc@PCOIN.pGetCoinList\"\r\n  },\r\n  \"body\": {\r\n    \r\n    \"UI_MENU_URL\": \"/web/standard.jmd\"\r\n    \r\n  }\r\n}"
		}
	]
}